<?xml version="1.0" encoding="UTF-8"?>
<!DOCTYPE mapper PUBLIC "-//mybatis.org//DTD Mapper 3.0//EN" "http://mybatis.org/dtd/mybatis-3-mapper.dtd">
<mapper namespace="cn.enjoy.mall.dao.DeliveryDocMapper">
  <resultMap id="BaseResultMap" type="cn.enjoy.mall.model.DeliveryDoc">
    <!--
      WARNING - @mbg.generated
      This element is automatically generated by MyBatis Generator, do not modify.
      This element was generated on Thu Mar 22 10:05:15 CST 2018.
    -->
    <id column="id" jdbcType="INTEGER" property="id" />
    <result column="order_id" jdbcType="INTEGER" property="orderId" />
    <result column="order_sn" jdbcType="VARCHAR" property="orderSn" />
    <result column="user_id" jdbcType="VARCHAR" property="userId" />
    <result column="admin_id" jdbcType="VARCHAR" property="adminId" />
    <result column="consignee" jdbcType="VARCHAR" property="consignee" />
    <result column="zipcode" jdbcType="VARCHAR" property="zipcode" />
    <result column="mobile" jdbcType="VARCHAR" property="mobile" />
    <result column="country" jdbcType="INTEGER" property="country" />
    <result column="province" jdbcType="INTEGER" property="province" />
    <result column="city" jdbcType="INTEGER" property="city" />
    <result column="district" jdbcType="INTEGER" property="district" />
    <result column="address" jdbcType="VARCHAR" property="address" />
    <result column="shipping_code" jdbcType="VARCHAR" property="shippingCode" />
    <result column="shipping_name" jdbcType="VARCHAR" property="shippingName" />
    <result column="shipping_price" jdbcType="DECIMAL" property="shippingPrice" />
    <result column="invoice_no" jdbcType="VARCHAR" property="invoiceNo" />
    <result column="tel" jdbcType="VARCHAR" property="tel" />
    <result column="best_time" jdbcType="INTEGER" property="bestTime" />
    <result column="create_time" jdbcType="INTEGER" property="createTime" />
    <result column="is_del" jdbcType="BIT" property="isDel" />
  </resultMap>
  <resultMap extends="BaseResultMap" id="ResultMapWithBLOBs" type="cn.enjoy.mall.model.DeliveryDoc">
    <!--
      WARNING - @mbg.generated
      This element is automatically generated by MyBatis Generator, do not modify.
      This element was generated on Thu Mar 22 10:05:15 CST 2018.
    -->
    <result column="note" jdbcType="LONGVARCHAR" property="note" />
  </resultMap>
  <sql id="Base_Column_List">
    <!--
      WARNING - @mbg.generated
      This element is automatically generated by MyBatis Generator, do not modify.
      This element was generated on Thu Mar 22 10:05:15 CST 2018.
    -->
    id, order_id, order_sn, user_id, admin_id, consignee, zipcode, mobile, country, province, 
    city, district, address, shipping_code, shipping_name, shipping_price, invoice_no, 
    tel, best_time, create_time, is_del
  </sql>
  <sql id="Blob_Column_List">
    <!--
      WARNING - @mbg.generated
      This element is automatically generated by MyBatis Generator, do not modify.
      This element was generated on Thu Mar 22 10:05:15 CST 2018.
    -->
    note
  </sql>
  <select id="selectByPrimaryKey" parameterType="java.lang.Integer" resultMap="ResultMapWithBLOBs">
    <!--
      WARNING - @mbg.generated
      This element is automatically generated by MyBatis Generator, do not modify.
      This element was generated on Thu Mar 22 10:05:15 CST 2018.
    -->
    select 
    <include refid="Base_Column_List" />
    ,
    <include refid="Blob_Column_List" />
    from tp_delivery_doc
    where id = #{id,jdbcType=INTEGER}
  </select>
  <delete id="deleteByPrimaryKey" parameterType="java.lang.Integer">
    <!--
      WARNING - @mbg.generated
      This element is automatically generated by MyBatis Generator, do not modify.
      This element was generated on Thu Mar 22 10:05:15 CST 2018.
    -->
    delete from tp_delivery_doc
    where id = #{id,jdbcType=INTEGER}
  </delete>
  <insert id="insert" parameterType="cn.enjoy.mall.model.DeliveryDoc">
    <!--
      WARNING - @mbg.generated
      This element is automatically generated by MyBatis Generator, do not modify.
      This element was generated on Thu Mar 22 10:05:15 CST 2018.
    -->
    insert into tp_delivery_doc (id, order_id, order_sn, 
      user_id, admin_id, consignee, 
      zipcode, mobile, country, 
      province, city, district, 
      address, shipping_code, shipping_name, 
      shipping_price, invoice_no, tel, 
      best_time, create_time, is_del, 
      note)
    values (#{id,jdbcType=INTEGER}, #{orderId,jdbcType=INTEGER}, #{orderSn,jdbcType=VARCHAR}, 
      #{userId,jdbcType=VARCHAR}, #{adminId,jdbcType=VARCHAR}, #{consignee,jdbcType=VARCHAR},
      #{zipcode,jdbcType=VARCHAR}, #{mobile,jdbcType=VARCHAR}, #{country,jdbcType=INTEGER}, 
      #{province,jdbcType=INTEGER}, #{city,jdbcType=INTEGER}, #{district,jdbcType=INTEGER}, 
      #{address,jdbcType=VARCHAR}, #{shippingCode,jdbcType=VARCHAR}, #{shippingName,jdbcType=VARCHAR}, 
      #{shippingPrice,jdbcType=DECIMAL}, #{invoiceNo,jdbcType=VARCHAR}, #{tel,jdbcType=VARCHAR}, 
      #{bestTime,jdbcType=INTEGER}, #{createTime,jdbcType=INTEGER}, #{isDel,jdbcType=BIT},
      #{note,jdbcType=LONGVARCHAR})
  </insert>
  <insert id="insertSelective" parameterType="cn.enjoy.mall.model.DeliveryDoc">
    <selectKey keyProperty="id" keyColumn="id" resultType="int">
      select last_insert_id()
    </selectKey>
    <!--
      WARNING - @mbg.generated
      This element is automatically generated by MyBatis Generator, do not modify.
      This element was generated on Thu Mar 22 10:05:15 CST 2018.
    -->
    insert into tp_delivery_doc
    <trim prefix="(" suffix=")" suffixOverrides=",">
      <if test="id != null">
        id,
      </if>
      <if test="orderId != null">
        order_id,
      </if>
      <if test="orderSn != null">
        order_sn,
      </if>
      <if test="userId != null">
        user_id,
      </if>
      <if test="adminId != null">
        admin_id,
      </if>
      <if test="consignee != null">
        consignee,
      </if>
      <if test="zipcode != null">
        zipcode,
      </if>
      <if test="mobile != null">
        mobile,
      </if>
      <if test="country != null">
        country,
      </if>
      <if test="province != null">
        province,
      </if>
      <if test="city != null">
        city,
      </if>
      <if test="district != null">
        district,
      </if>
      <if test="address != null">
        address,
      </if>
      <if test="shippingCode != null">
        shipping_code,
      </if>
      <if test="shippingName != null">
        shipping_name,
      </if>
      <if test="shippingPrice != null">
        shipping_price,
      </if>
      <if test="invoiceNo != null">
        invoice_no,
      </if>
      <if test="tel != null">
        tel,
      </if>
      <if test="bestTime != null">
        best_time,
      </if>
      <if test="createTime != null">
        create_time,
      </if>
      <if test="isDel != null">
        is_del,
      </if>
      <if test="note != null">
        note,
      </if>
    </trim>
    <trim prefix="values (" suffix=")" suffixOverrides=",">
      <if test="id != null">
        #{id,jdbcType=INTEGER},
      </if>
      <if test="orderId != null">
        #{orderId,jdbcType=INTEGER},
      </if>
      <if test="orderSn != null">
        #{orderSn,jdbcType=VARCHAR},
      </if>
      <if test="userId != null">
        #{userId,jdbcType=VARCHAR},
      </if>
      <if test="adminId != null">
        #{adminId,jdbcType=VARCHAR},
      </if>
      <if test="consignee != null">
        #{consignee,jdbcType=VARCHAR},
      </if>
      <if test="zipcode != null">
        #{zipcode,jdbcType=VARCHAR},
      </if>
      <if test="mobile != null">
        #{mobile,jdbcType=VARCHAR},
      </if>
      <if test="country != null">
        #{country,jdbcType=INTEGER},
      </if>
      <if test="province != null">
        #{province,jdbcType=INTEGER},
      </if>
      <if test="city != null">
        #{city,jdbcType=INTEGER},
      </if>
      <if test="district != null">
        #{district,jdbcType=INTEGER},
      </if>
      <if test="address != null">
        #{address,jdbcType=VARCHAR},
      </if>
      <if test="shippingCode != null">
        #{shippingCode,jdbcType=VARCHAR},
      </if>
      <if test="shippingName != null">
        #{shippingName,jdbcType=VARCHAR},
      </if>
      <if test="shippingPrice != null">
        #{shippingPrice,jdbcType=DECIMAL},
      </if>
      <if test="invoiceNo != null">
        #{invoiceNo,jdbcType=VARCHAR},
      </if>
      <if test="tel != null">
        #{tel,jdbcType=VARCHAR},
      </if>
      <if test="bestTime != null">
        #{bestTime,jdbcType=INTEGER},
      </if>
      <if test="createTime != null">
        #{createTime,jdbcType=INTEGER},
      </if>
      <if test="isDel != null">
        #{isDel,jdbcType=BIT},
      </if>
      <if test="note != null">
        #{note,jdbcType=LONGVARCHAR},
      </if>
    </trim>
  </insert>
  <update id="updateByPrimaryKeySelective" parameterType="cn.enjoy.mall.model.DeliveryDoc">
    <!--
      WARNING - @mbg.generated
      This element is automatically generated by MyBatis Generator, do not modify.
      This element was generated on Thu Mar 22 10:05:15 CST 2018.
    -->
    update tp_delivery_doc
    <set>
      <if test="orderId != null">
        order_id = #{orderId,jdbcType=INTEGER},
      </if>
      <if test="orderSn != null">
        order_sn = #{orderSn,jdbcType=VARCHAR},
      </if>
      <if test="userId != null">
        user_id = #{userId,jdbcType=VARCHAR},
      </if>
      <if test="adminId != null">
        admin_id = #{adminId,jdbcType=VARCHAR},
      </if>
      <if test="consignee != null">
        consignee = #{consignee,jdbcType=VARCHAR},
      </if>
      <if test="zipcode != null">
        zipcode = #{zipcode,jdbcType=VARCHAR},
      </if>
      <if test="mobile != null">
        mobile = #{mobile,jdbcType=VARCHAR},
      </if>
      <if test="country != null">
        country = #{country,jdbcType=INTEGER},
      </if>
      <if test="province != null">
        province = #{province,jdbcType=INTEGER},
      </if>
      <if test="city != null">
        city = #{city,jdbcType=INTEGER},
      </if>
      <if test="district != null">
        district = #{district,jdbcType=INTEGER},
      </if>
      <if test="address != null">
        address = #{address,jdbcType=VARCHAR},
      </if>
      <if test="shippingCode != null">
        shipping_code = #{shippingCode,jdbcType=VARCHAR},
      </if>
      <if test="shippingName != null">
        shipping_name = #{shippingName,jdbcType=VARCHAR},
      </if>
      <if test="shippingPrice != null">
        shipping_price = #{shippingPrice,jdbcType=DECIMAL},
      </if>
      <if test="invoiceNo != null">
        invoice_no = #{invoiceNo,jdbcType=VARCHAR},
      </if>
      <if test="tel != null">
        tel = #{tel,jdbcType=VARCHAR},
      </if>
      <if test="bestTime != null">
        best_time = #{bestTime,jdbcType=INTEGER},
      </if>
      <if test="createTime != null">
        create_time = #{createTime,jdbcType=INTEGER},
      </if>
      <if test="isDel != null">
        is_del = #{isDel,jdbcType=BIT},
      </if>
      <if test="note != null">
        note = #{note,jdbcType=LONGVARCHAR},
      </if>
    </set>
    where id = #{id,jdbcType=INTEGER}
  </update>
  <update id="updateByPrimaryKeyWithBLOBs" parameterType="cn.enjoy.mall.model.DeliveryDoc">
    <!--
      WARNING - @mbg.generated
      This element is automatically generated by MyBatis Generator, do not modify.
      This element was generated on Thu Mar 22 10:05:15 CST 2018.
    -->
    update tp_delivery_doc
    set order_id = #{orderId,jdbcType=INTEGER},
      order_sn = #{orderSn,jdbcType=VARCHAR},
      user_id = #{userId,jdbcType=VARCHAR},
      admin_id = #{adminId,jdbcType=VARCHAR},
      consignee = #{consignee,jdbcType=VARCHAR},
      zipcode = #{zipcode,jdbcType=VARCHAR},
      mobile = #{mobile,jdbcType=VARCHAR},
      country = #{country,jdbcType=INTEGER},
      province = #{province,jdbcType=INTEGER},
      city = #{city,jdbcType=INTEGER},
      district = #{district,jdbcType=INTEGER},
      address = #{address,jdbcType=VARCHAR},
      shipping_code = #{shippingCode,jdbcType=VARCHAR},
      shipping_name = #{shippingName,jdbcType=VARCHAR},
      shipping_price = #{shippingPrice,jdbcType=DECIMAL},
      invoice_no = #{invoiceNo,jdbcType=VARCHAR},
      tel = #{tel,jdbcType=VARCHAR},
      best_time = #{bestTime,jdbcType=INTEGER},
      create_time = #{createTime,jdbcType=INTEGER},
      is_del = #{isDel,jdbcType=BIT},
      note = #{note,jdbcType=LONGVARCHAR}
    where id = #{id,jdbcType=INTEGER}
  </update>
  <update id="updateByPrimaryKey" parameterType="cn.enjoy.mall.model.DeliveryDoc">
    <!--
      WARNING - @mbg.generated
      This element is automatically generated by MyBatis Generator, do not modify.
      This element was generated on Thu Mar 22 10:05:15 CST 2018.
    -->
    update tp_delivery_doc
    set order_id = #{orderId,jdbcType=INTEGER},
      order_sn = #{orderSn,jdbcType=VARCHAR},
      user_id = #{userId,jdbcType=VARCHAR},
      admin_id = #{adminId,jdbcType=VARCHAR},
      consignee = #{consignee,jdbcType=VARCHAR},
      zipcode = #{zipcode,jdbcType=VARCHAR},
      mobile = #{mobile,jdbcType=VARCHAR},
      country = #{country,jdbcType=INTEGER},
      province = #{province,jdbcType=INTEGER},
      city = #{city,jdbcType=INTEGER},
      district = #{district,jdbcType=INTEGER},
      address = #{address,jdbcType=VARCHAR},
      shipping_code = #{shippingCode,jdbcType=VARCHAR},
      shipping_name = #{shippingName,jdbcType=VARCHAR},
      shipping_price = #{shippingPrice,jdbcType=DECIMAL},
      invoice_no = #{invoiceNo,jdbcType=VARCHAR},
      tel = #{tel,jdbcType=VARCHAR},
      best_time = #{bestTime,jdbcType=INTEGER},
      create_time = #{createTime,jdbcType=INTEGER},
      is_del = #{isDel,jdbcType=BIT}
    where id = #{id,jdbcType=INTEGER}
  </update>

  <select id="selectByOrderId" resultMap="BaseResultMap">
    select
    id, order_id, order_sn, user_id, consignee, zipcode, mobile, country, province,
    city, district, address, shipping_code, shipping_name, shipping_price, invoice_no,
    tel, best_time, create_time, note, (select real_name from sys_user u where u.id = d.admin_id) admin_id
      from tp_delivery_doc d
     where d.is_del = 0
       and d.order_id = #{orderId}
  </select>
</mapper>