<?xml version="1.0" encoding="UTF-8"?>
<!DOCTYPE mapper PUBLIC "-//mybatis.org//DTD Mapper 3.0//EN" "http://mybatis.org/dtd/mybatis-3-mapper.dtd">
<mapper namespace="cn.enjoy.mall.dao.OrderActionMapper">
  <resultMap id="BaseResultMap" type="cn.enjoy.mall.model.OrderAction">
    <!--
      WARNING - @mbggenerated
      This element is automatically generated by MyBatis Generator, do not modify.
      This element was generated on Wed Feb 28 18:00:18 CST 2018.
    -->
    <id column="action_id" jdbcType="INTEGER" property="actionId" />
    <result column="order_id" jdbcType="INTEGER" property="orderId" />
    <result column="action_user" jdbcType="VARCHAR" property="actionUser" />

    <result column="trade_type" jdbcType="VARCHAR" property="tradeType" />
    <result column="prepay_id" jdbcType="VARCHAR" property="prepayId" />
    <result column="code_url" jdbcType="VARCHAR" property="codeUrl" />

    <result column="order_status" jdbcType="INTEGER" property="orderStatus" />
    <result column="shipping_status" jdbcType="INTEGER" property="shippingStatus" />
    <result column="pay_status" jdbcType="INTEGER" property="payStatus" />
    <result column="action_note" jdbcType="VARCHAR" property="actionNote" />
    <result column="log_time" jdbcType="BIGINT" property="logTime" />
    <result column="status_desc" jdbcType="VARCHAR" property="statusDesc" />
  </resultMap>
  <sql id="Base_Column_List">
    <!--
      WARNING - @mbggenerated
      This element is automatically generated by MyBatis Generator, do not modify.
      This element was generated on Wed Feb 28 18:00:18 CST 2018.
    -->
    action_id, order_id, action_user, trade_type, prepay_id, code_url, order_status, shipping_status, pay_status, action_note,
    log_time, status_desc
  </sql>
  <select id="selectByPrimaryKey" parameterType="java.lang.Integer" resultMap="BaseResultMap">
    <!--
      WARNING - @mbggenerated
      This element is automatically generated by MyBatis Generator, do not modify.
      This element was generated on Wed Feb 28 18:00:18 CST 2018.
    -->
    select 
    <include refid="Base_Column_List" />
    from tp_order_action
    where action_id = #{actionId,jdbcType=INTEGER}
  </select>
  <delete id="deleteByPrimaryKey" parameterType="java.lang.Integer">
    <!--
      WARNING - @mbggenerated
      This element is automatically generated by MyBatis Generator, do not modify.
      This element was generated on Wed Feb 28 18:00:18 CST 2018.
    -->
    delete from tp_order_action
    where action_id = #{actionId,jdbcType=INTEGER}
  </delete>
  <insert id="insert" parameterType="cn.enjoy.mall.model.OrderAction">
    <selectKey keyProperty="actionId" keyColumn="action_id" order="AFTER" resultType="int">
      select last_insert_id()
    </selectKey>
    <!--
      WARNING - @mbggenerated
      This element is automatically generated by MyBatis Generator, do not modify.
      This element was generated on Wed Feb 28 18:00:18 CST 2018.
    -->
    insert into tp_order_action (action_id, order_id, action_user, trade_type, prepay_id, code_url,
      order_status, shipping_status, pay_status, 
      action_note, log_time, status_desc
      )
    values (#{actionId,jdbcType=INTEGER}, #{orderId,jdbcType=INTEGER}, #{actionUser,jdbcType=VARCHAR},
      #{tradeType,jdbcType=VARCHAR}, #{prepayId,jdbcType=VARCHAR}, #{codeUrl,jdbcType=VARCHAR},
      #{orderStatus,jdbcType=INTEGER}, #{shippingStatus,jdbcType=INTEGER}, #{payStatus,jdbcType=INTEGER},
      #{actionNote,jdbcType=VARCHAR}, #{logTime,jdbcType=BIGINT}, #{statusDesc,jdbcType=VARCHAR}
      )
  </insert>
  <insert id="insertSelective" parameterType="cn.enjoy.mall.model.OrderAction">
    <!--
      WARNING - @mbggenerated
      This element is automatically generated by MyBatis Generator, do not modify.
      This element was generated on Wed Feb 28 18:00:18 CST 2018.
    -->
    insert into tp_order_action
    <trim prefix="(" suffix=")" suffixOverrides=",">
      <if test="actionId != null">
        action_id,
      </if>
      <if test="orderId != null">
        order_id,
      </if>
      <if test="actionUser != null">
        action_user,
      </if>
      <if test="tradeType != null">
        trade_type,
      </if>
      <if test="prepayId != null">
        prepay_id,
      </if>
      <if test="codeUrl != null">
        code_url,
      </if>
      <if test="orderStatus != null">
        order_status,
      </if>
      <if test="shippingStatus != null">
        shipping_status,
      </if>
      <if test="payStatus != null">
        pay_status,
      </if>
      <if test="actionNote != null">
        action_note,
      </if>
      <if test="logTime != null">
        log_time,
      </if>
      <if test="statusDesc != null">
        status_desc,
      </if>
    </trim>
    <trim prefix="values (" suffix=")" suffixOverrides=",">
      <if test="actionId != null">
        #{actionId,jdbcType=INTEGER},
      </if>
      <if test="orderId != null">
        #{orderId,jdbcType=INTEGER},
      </if>
      <if test="actionUser != null">
        #{actionUser,jdbcType=VARCHAR},
      </if>

      <if test="tradeType != null">
        #{tradeType,jdbcType=VARCHAR},
      </if>
      <if test="prepayId != null">
        #{prepayId,jdbcType=VARCHAR},
      </if>
      <if test="codeUrl != null">
        #{codeUrl,jdbcType=VARCHAR},
      </if>

      <if test="orderStatus != null">
        #{orderStatus,jdbcType=INTEGER},
      </if>
      <if test="shippingStatus != null">
        #{shippingStatus,jdbcType=INTEGER},
      </if>
      <if test="payStatus != null">
        #{payStatus,jdbcType=INTEGER},
      </if>
      <if test="actionNote != null">
        #{actionNote,jdbcType=VARCHAR},
      </if>
      <if test="logTime != null">
        #{logTime,jdbcType=BIGINT},
      </if>
      <if test="statusDesc != null">
        #{statusDesc,jdbcType=VARCHAR},
      </if>
    </trim>
  </insert>
  <update id="updateByPrimaryKeySelective" parameterType="cn.enjoy.mall.model.OrderAction">
    <!--
      WARNING - @mbggenerated
      This element is automatically generated by MyBatis Generator, do not modify.
      This element was generated on Wed Feb 28 18:00:18 CST 2018.
    -->
    update tp_order_action
    <set>
      <if test="orderId != null">
        order_id = #{orderId,jdbcType=INTEGER},
      </if>
      <if test="actionUser != null">
        action_user = #{actionUser,jdbcType=VARCHAR},
      </if>

      <if test="tradeType != null">
        trade_type = #{tradeType,jdbcType=VARCHAR},
      </if>
      <if test="prepayId != null">
        prepay_id = #{prepayId,jdbcType=VARCHAR},
      </if>
      <if test="codeUrl != null">
        code_url = #{codeUrl,jdbcType=VARCHAR},
      </if>

      <if test="orderStatus != null">
        order_status = #{orderStatus,jdbcType=INTEGER},
      </if>
      <if test="shippingStatus != null">
        shipping_status = #{shippingStatus,jdbcType=INTEGER},
      </if>
      <if test="payStatus != null">
        pay_status = #{payStatus,jdbcType=INTEGER},
      </if>
      <if test="actionNote != null">
        action_note = #{actionNote,jdbcType=VARCHAR},
      </if>
      <if test="logTime != null">
        log_time = #{logTime,jdbcType=BIGINT},
      </if>
      <if test="statusDesc != null">
        status_desc = #{statusDesc,jdbcType=VARCHAR},
      </if>
    </set>
    where action_id = #{actionId,jdbcType=INTEGER}
  </update>
  <update id="updateByPrimaryKey" parameterType="cn.enjoy.mall.model.OrderAction">
    <!--
      WARNING - @mbggenerated
      This element is automatically generated by MyBatis Generator, do not modify.
      This element was generated on Wed Feb 28 18:00:18 CST 2018.
    -->
    update tp_order_action
    set order_id = #{orderId,jdbcType=INTEGER},
      action_user = #{actionUser,jdbcType=VARCHAR},
      trade_type = #{tradeType,jdbcType=VARCHAR},
      prepay_id = #{prepayId,jdbcType=VARCHAR},
      code_url = #{codeUrl,jdbcType=VARCHAR},
      order_status = #{orderStatus,jdbcType=INTEGER},
      shipping_status = #{shippingStatus,jdbcType=INTEGER},
      pay_status = #{payStatus,jdbcType=INTEGER},
      action_note = #{actionNote,jdbcType=VARCHAR},
      log_time = #{logTime,jdbcType=BIGINT},
      status_desc = #{statusDesc,jdbcType=VARCHAR}
    where action_id = #{actionId,jdbcType=INTEGER}
  </update>

  <resultMap id="MyResultMap" type="cn.enjoy.mall.vo.OrderActionVo" extends="BaseResultMap">
    <result column="orderStatusStr" jdbcType="VARCHAR" property="orderStatusStr" />
    <result column="userName" jdbcType="VARCHAR" property="userName" />
  </resultMap>

  <select id="queryByOrderId" resultMap="MyResultMap">
    SELECT
    <include refid="Base_Column_List" />
    ,(select dd.cname from sys_dict_data dd where dd.code = oa.order_status and dd.type='ORDER_STATUS') orderStatusStr
    , su.real_name userName
      FROM tp_order_action oa left join sys_user su on oa.action_user = su.id
     WHERE order_id = #{orderId}
    order by oa.log_time desc
  </select>

  <select id="queryByPrepayId" parameterType="java.lang.String"  resultMap="BaseResultMap">
    select
    <include refid="Base_Column_List" />
    from tp_order_action
    where prepay_id = #{prepayId,jdbcType=VARCHAR}
  </select>
</mapper>