<?xml version="1.0" encoding="UTF-8"?>
<!DOCTYPE mapper PUBLIC "-//mybatis.org//DTD Mapper 3.0//EN" "http://mybatis.org/dtd/mybatis-3-mapper.dtd">
<mapper namespace="cn.enjoy.mall.dao.OrderMapper">
  <resultMap id="BaseResultMap" type="cn.enjoy.mall.model.Order">
    <!--
      WARNING - @mbggenerated
      This element is automatically generated by MyBatis Generator, do not modify.
      This element was generated on Wed Feb 28 17:18:49 CST 2018.
    -->
    <id column="order_id" jdbcType="INTEGER" property="orderId" />
    <result column="order_sn" jdbcType="VARCHAR" property="orderSn" />
    <result column="user_id" jdbcType="VARCHAR" property="userId" />
    <result column="order_status" jdbcType="INTEGER" property="orderStatus" />
    <result column="shipping_status" jdbcType="INTEGER" property="shippingStatus" />
    <result column="pay_status" jdbcType="INTEGER" property="payStatus" />
    <result column="consignee" jdbcType="VARCHAR" property="consignee" />
    <result column="area" jdbcType="VARCHAR" property="area" />
    <result column="address" jdbcType="VARCHAR" property="address" />
    <result column="zipcode" jdbcType="VARCHAR" property="zipcode" />
    <result column="mobile" jdbcType="VARCHAR" property="mobile" />
    <result column="email" jdbcType="VARCHAR" property="email" />
    <result column="shipping_code" jdbcType="VARCHAR" property="shippingCode" />
    <result column="shipping_name" jdbcType="VARCHAR" property="shippingName" />
    <result column="pay_code" jdbcType="VARCHAR" property="payCode" />
    <result column="pay_name" jdbcType="VARCHAR" property="payName" />
    <result column="invoice_title" jdbcType="VARCHAR" property="invoiceTitle" />
    <result column="goods_price" jdbcType="DECIMAL" property="goodsPrice" />
    <result column="shipping_price" jdbcType="DECIMAL" property="shippingPrice" />
    <result column="user_money" jdbcType="DECIMAL" property="userMoney" />
    <result column="coupon_price" jdbcType="DECIMAL" property="couponPrice" />
    <result column="integral" jdbcType="INTEGER" property="integral" />
    <result column="integral_money" jdbcType="DECIMAL" property="integralMoney" />
    <result column="order_amount" jdbcType="DECIMAL" property="orderAmount" />
    <result column="total_amount" jdbcType="DECIMAL" property="totalAmount" />
    <result column="add_time" jdbcType="BIGINT" property="addTime" />
    <result column="shipping_time" jdbcType="BIGINT" property="shippingTime" />
    <result column="confirm_time" jdbcType="BIGINT" property="confirmTime" />
    <result column="pay_time" jdbcType="BIGINT" property="payTime" />
    <result column="order_prom_id" jdbcType="SMALLINT" property="orderPromId" />
    <result column="order_prom_amount" jdbcType="DECIMAL" property="orderPromAmount" />
    <result column="discount" jdbcType="DECIMAL" property="discount" />
    <result column="user_note" jdbcType="VARCHAR" property="userNote" />
    <result column="admin_note" jdbcType="VARCHAR" property="adminNote" />
    <result column="parent_sn" jdbcType="VARCHAR" property="parentSn" />
    <result column="is_distribut" jdbcType="BIT" property="isDistribut" />
    <result column="receive_time" jdbcType="BIGINT" property="receiveTime" />
  </resultMap>
  <sql id="Base_Column_List">
    <!--
      WARNING - @mbggenerated
      This element is automatically generated by MyBatis Generator, do not modify.
      This element was generated on Wed Feb 28 17:18:49 CST 2018.
    -->
    order_id, order_sn, user_id, order_status, shipping_status, pay_status, consignee, 
    area, address, zipcode, mobile, email, shipping_code, shipping_name, pay_code, pay_name, 
    invoice_title, goods_price, shipping_price, user_money, coupon_price, integral, integral_money, 
    order_amount, total_amount, add_time, shipping_time, confirm_time, pay_time, order_prom_id, 
    order_prom_amount, discount, user_note, admin_note, parent_sn, is_distribut, receive_time
  </sql>
  <select id="selectByPrimaryKey" parameterType="java.lang.Integer" resultMap="BaseResultMap">
    <!--
      WARNING - @mbggenerated
      This element is automatically generated by MyBatis Generator, do not modify.
      This element was generated on Wed Feb 28 17:18:49 CST 2018.
    -->
    select 
    <include refid="Base_Column_List" />
    from tp_order
    where order_id = #{orderId,jdbcType=INTEGER}
  </select>
  <delete id="deleteByPrimaryKey" parameterType="java.lang.Integer">
    <!--
      WARNING - @mbggenerated
      This element is automatically generated by MyBatis Generator, do not modify.
      This element was generated on Wed Feb 28 17:18:49 CST 2018.
    -->
    delete from tp_order
    where order_id = #{orderId,jdbcType=INTEGER}
  </delete>
  <insert id="insert" parameterType="cn.enjoy.mall.model.Order" useGeneratedKeys="true" keyProperty="orderId">
    <!--
      WARNING - @mbggenerated
      This element is automatically generated by MyBatis Generator, do not modify.
      This element was generated on Wed Feb 28 17:18:49 CST 2018.
    -->
    insert into tp_order (order_id, order_sn, user_id, 
      order_status, shipping_status, pay_status, 
      consignee, area, address, 
      zipcode, mobile, email, 
      shipping_code, shipping_name, pay_code, 
      pay_name, invoice_title, goods_price, 
      shipping_price, user_money, coupon_price, 
      integral, integral_money, order_amount, 
      total_amount, add_time, shipping_time, 
      confirm_time, pay_time, order_prom_id, 
      order_prom_amount, discount, user_note, 
      admin_note, parent_sn, is_distribut, 
      receive_time)
    values (#{orderId,jdbcType=INTEGER}, #{orderSn,jdbcType=VARCHAR}, #{userId,jdbcType=VARCHAR}, 
      #{orderStatus,jdbcType=INTEGER}, #{shippingStatus,jdbcType=INTEGER}, #{payStatus,jdbcType=INTEGER}, 
      #{consignee,jdbcType=VARCHAR}, #{area,jdbcType=VARCHAR}, #{address,jdbcType=VARCHAR}, 
      #{zipcode,jdbcType=VARCHAR}, #{mobile,jdbcType=VARCHAR}, #{email,jdbcType=VARCHAR}, 
      #{shippingCode,jdbcType=VARCHAR}, #{shippingName,jdbcType=VARCHAR}, #{payCode,jdbcType=VARCHAR}, 
      #{payName,jdbcType=VARCHAR}, #{invoiceTitle,jdbcType=VARCHAR}, #{goodsPrice,jdbcType=DECIMAL}, 
      #{shippingPrice,jdbcType=DECIMAL}, #{userMoney,jdbcType=DECIMAL}, #{couponPrice,jdbcType=DECIMAL}, 
      #{integral,jdbcType=INTEGER}, #{integralMoney,jdbcType=DECIMAL}, #{orderAmount,jdbcType=DECIMAL}, 
      #{totalAmount,jdbcType=DECIMAL}, #{addTime,jdbcType=BIGINT}, #{shippingTime,jdbcType=BIGINT}, 
      #{confirmTime,jdbcType=BIGINT}, #{payTime,jdbcType=BIGINT}, #{orderPromId,jdbcType=SMALLINT}, 
      #{orderPromAmount,jdbcType=DECIMAL}, #{discount,jdbcType=DECIMAL}, #{userNote,jdbcType=VARCHAR}, 
      #{adminNote,jdbcType=VARCHAR}, #{parentSn,jdbcType=VARCHAR}, #{isDistribut,jdbcType=BIT}, 
      #{receiveTime,jdbcType=BIGINT})
  </insert>
  <insert id="insertSelective" parameterType="cn.enjoy.mall.model.Order">
    <!--
      WARNING - @mbggenerated
      This element is automatically generated by MyBatis Generator, do not modify.
      This element was generated on Wed Feb 28 17:18:49 CST 2018.
    -->
    insert into tp_order
    <trim prefix="(" suffix=")" suffixOverrides=",">
      <if test="orderId != null">
        order_id,
      </if>
      <if test="orderSn != null">
        order_sn,
      </if>
      <if test="userId != null">
        user_id,
      </if>
      <if test="orderStatus != null">
        order_status,
      </if>
      <if test="shippingStatus != null">
        shipping_status,
      </if>
      <if test="payStatus != null">
        pay_status,
      </if>
      <if test="consignee != null">
        consignee,
      </if>
      <if test="area != null">
        area,
      </if>
      <if test="address != null">
        address,
      </if>
      <if test="zipcode != null">
        zipcode,
      </if>
      <if test="mobile != null">
        mobile,
      </if>
      <if test="email != null">
        email,
      </if>
      <if test="shippingCode != null">
        shipping_code,
      </if>
      <if test="shippingName != null">
        shipping_name,
      </if>
      <if test="payCode != null">
        pay_code,
      </if>
      <if test="payName != null">
        pay_name,
      </if>
      <if test="invoiceTitle != null">
        invoice_title,
      </if>
      <if test="goodsPrice != null">
        goods_price,
      </if>
      <if test="shippingPrice != null">
        shipping_price,
      </if>
      <if test="userMoney != null">
        user_money,
      </if>
      <if test="couponPrice != null">
        coupon_price,
      </if>
      <if test="integral != null">
        integral,
      </if>
      <if test="integralMoney != null">
        integral_money,
      </if>
      <if test="orderAmount != null">
        order_amount,
      </if>
      <if test="totalAmount != null">
        total_amount,
      </if>
      <if test="addTime != null">
        add_time,
      </if>
      <if test="shippingTime != null">
        shipping_time,
      </if>
      <if test="confirmTime != null">
        confirm_time,
      </if>
      <if test="payTime != null">
        pay_time,
      </if>
      <if test="orderPromId != null">
        order_prom_id,
      </if>
      <if test="orderPromAmount != null">
        order_prom_amount,
      </if>
      <if test="discount != null">
        discount,
      </if>
      <if test="userNote != null">
        user_note,
      </if>
      <if test="adminNote != null">
        admin_note,
      </if>
      <if test="parentSn != null">
        parent_sn,
      </if>
      <if test="isDistribut != null">
        is_distribut,
      </if>
      <if test="receiveTime != null">
        receive_time,
      </if>
    </trim>
    <trim prefix="values (" suffix=")" suffixOverrides=",">
      <if test="orderId != null">
        #{orderId,jdbcType=INTEGER},
      </if>
      <if test="orderSn != null">
        #{orderSn,jdbcType=VARCHAR},
      </if>
      <if test="userId != null">
        #{userId,jdbcType=VARCHAR},
      </if>
      <if test="orderStatus != null">
        #{orderStatus,jdbcType=INTEGER},
      </if>
      <if test="shippingStatus != null">
        #{shippingStatus,jdbcType=INTEGER},
      </if>
      <if test="payStatus != null">
        #{payStatus,jdbcType=INTEGER},
      </if>
      <if test="consignee != null">
        #{consignee,jdbcType=VARCHAR},
      </if>
      <if test="area != null">
        #{area,jdbcType=VARCHAR},
      </if>
      <if test="address != null">
        #{address,jdbcType=VARCHAR},
      </if>
      <if test="zipcode != null">
        #{zipcode,jdbcType=VARCHAR},
      </if>
      <if test="mobile != null">
        #{mobile,jdbcType=VARCHAR},
      </if>
      <if test="email != null">
        #{email,jdbcType=VARCHAR},
      </if>
      <if test="shippingCode != null">
        #{shippingCode,jdbcType=VARCHAR},
      </if>
      <if test="shippingName != null">
        #{shippingName,jdbcType=VARCHAR},
      </if>
      <if test="payCode != null">
        #{payCode,jdbcType=VARCHAR},
      </if>
      <if test="payName != null">
        #{payName,jdbcType=VARCHAR},
      </if>
      <if test="invoiceTitle != null">
        #{invoiceTitle,jdbcType=VARCHAR},
      </if>
      <if test="goodsPrice != null">
        #{goodsPrice,jdbcType=DECIMAL},
      </if>
      <if test="shippingPrice != null">
        #{shippingPrice,jdbcType=DECIMAL},
      </if>
      <if test="userMoney != null">
        #{userMoney,jdbcType=DECIMAL},
      </if>
      <if test="couponPrice != null">
        #{couponPrice,jdbcType=DECIMAL},
      </if>
      <if test="integral != null">
        #{integral,jdbcType=INTEGER},
      </if>
      <if test="integralMoney != null">
        #{integralMoney,jdbcType=DECIMAL},
      </if>
      <if test="orderAmount != null">
        #{orderAmount,jdbcType=DECIMAL},
      </if>
      <if test="totalAmount != null">
        #{totalAmount,jdbcType=DECIMAL},
      </if>
      <if test="addTime != null">
        #{addTime,jdbcType=BIGINT},
      </if>
      <if test="shippingTime != null">
        #{shippingTime,jdbcType=BIGINT},
      </if>
      <if test="confirmTime != null">
        #{confirmTime,jdbcType=BIGINT},
      </if>
      <if test="payTime != null">
        #{payTime,jdbcType=BIGINT},
      </if>
      <if test="orderPromId != null">
        #{orderPromId,jdbcType=SMALLINT},
      </if>
      <if test="orderPromAmount != null">
        #{orderPromAmount,jdbcType=DECIMAL},
      </if>
      <if test="discount != null">
        #{discount,jdbcType=DECIMAL},
      </if>
      <if test="userNote != null">
        #{userNote,jdbcType=VARCHAR},
      </if>
      <if test="adminNote != null">
        #{adminNote,jdbcType=VARCHAR},
      </if>
      <if test="parentSn != null">
        #{parentSn,jdbcType=VARCHAR},
      </if>
      <if test="isDistribut != null">
        #{isDistribut,jdbcType=BIT},
      </if>
      <if test="receiveTime != null">
        #{receiveTime,jdbcType=BIGINT},
      </if>
    </trim>
  </insert>
  <update id="updateByPrimaryKeySelective" parameterType="cn.enjoy.mall.model.Order">
    <!--
      WARNING - @mbggenerated
      This element is automatically generated by MyBatis Generator, do not modify.
      This element was generated on Wed Feb 28 17:18:49 CST 2018.
    -->
    update tp_order
    <set>
      <if test="orderSn != null">
        order_sn = #{orderSn,jdbcType=VARCHAR},
      </if>
      <if test="userId != null">
        user_id = #{userId,jdbcType=VARCHAR},
      </if>
      <if test="orderStatus != null">
        order_status = #{orderStatus,jdbcType=INTEGER},
      </if>
      <if test="shippingStatus != null">
        shipping_status = #{shippingStatus,jdbcType=INTEGER},
      </if>
      <if test="payStatus != null">
        pay_status = #{payStatus,jdbcType=INTEGER},
      </if>
      <if test="consignee != null">
        consignee = #{consignee,jdbcType=VARCHAR},
      </if>
      <if test="area != null">
        area = #{area,jdbcType=VARCHAR},
      </if>
      <if test="address != null">
        address = #{address,jdbcType=VARCHAR},
      </if>
      <if test="zipcode != null">
        zipcode = #{zipcode,jdbcType=VARCHAR},
      </if>
      <if test="mobile != null">
        mobile = #{mobile,jdbcType=VARCHAR},
      </if>
      <if test="email != null">
        email = #{email,jdbcType=VARCHAR},
      </if>
      <if test="shippingCode != null">
        shipping_code = #{shippingCode,jdbcType=VARCHAR},
      </if>
      <if test="shippingName != null">
        shipping_name = #{shippingName,jdbcType=VARCHAR},
      </if>
      <if test="payCode != null">
        pay_code = #{payCode,jdbcType=VARCHAR},
      </if>
      <if test="payName != null">
        pay_name = #{payName,jdbcType=VARCHAR},
      </if>
      <if test="invoiceTitle != null">
        invoice_title = #{invoiceTitle,jdbcType=VARCHAR},
      </if>
      <if test="goodsPrice != null">
        goods_price = #{goodsPrice,jdbcType=DECIMAL},
      </if>
      <if test="shippingPrice != null">
        shipping_price = #{shippingPrice,jdbcType=DECIMAL},
      </if>
      <if test="userMoney != null">
        user_money = #{userMoney,jdbcType=DECIMAL},
      </if>
      <if test="couponPrice != null">
        coupon_price = #{couponPrice,jdbcType=DECIMAL},
      </if>
      <if test="integral != null">
        integral = #{integral,jdbcType=INTEGER},
      </if>
      <if test="integralMoney != null">
        integral_money = #{integralMoney,jdbcType=DECIMAL},
      </if>
      <if test="orderAmount != null">
        order_amount = #{orderAmount,jdbcType=DECIMAL},
      </if>
      <if test="totalAmount != null">
        total_amount = #{totalAmount,jdbcType=DECIMAL},
      </if>
      <if test="addTime != null">
        add_time = #{addTime,jdbcType=BIGINT},
      </if>
      <if test="shippingTime != null">
        shipping_time = #{shippingTime,jdbcType=BIGINT},
      </if>
      <if test="confirmTime != null">
        confirm_time = #{confirmTime,jdbcType=BIGINT},
      </if>
      <if test="payTime != null">
        pay_time = #{payTime,jdbcType=BIGINT},
      </if>
      <if test="orderPromId != null">
        order_prom_id = #{orderPromId,jdbcType=SMALLINT},
      </if>
      <if test="orderPromAmount != null">
        order_prom_amount = #{orderPromAmount,jdbcType=DECIMAL},
      </if>
      <if test="discount != null">
        discount = #{discount,jdbcType=DECIMAL},
      </if>
      <if test="userNote != null">
        user_note = #{userNote,jdbcType=VARCHAR},
      </if>
      <if test="adminNote != null">
        admin_note = #{adminNote,jdbcType=VARCHAR},
      </if>
      <if test="parentSn != null">
        parent_sn = #{parentSn,jdbcType=VARCHAR},
      </if>
      <if test="isDistribut != null">
        is_distribut = #{isDistribut,jdbcType=BIT},
      </if>
      <if test="receiveTime != null">
        receive_time = #{receiveTime,jdbcType=BIGINT},
      </if>
    </set>
    where order_id = #{orderId,jdbcType=INTEGER}
  </update>
  <update id="updateByPrimaryKey" parameterType="cn.enjoy.mall.model.Order">
    <!--
      WARNING - @mbggenerated
      This element is automatically generated by MyBatis Generator, do not modify.
      This element was generated on Wed Feb 28 17:18:49 CST 2018.
    -->
    update tp_order
    set order_sn = #{orderSn,jdbcType=VARCHAR},
      user_id = #{userId,jdbcType=VARCHAR},
      order_status = #{orderStatus,jdbcType=INTEGER},
      shipping_status = #{shippingStatus,jdbcType=INTEGER},
      pay_status = #{payStatus,jdbcType=INTEGER},
      consignee = #{consignee,jdbcType=VARCHAR},
      area = #{area,jdbcType=VARCHAR},
      address = #{address,jdbcType=VARCHAR},
      zipcode = #{zipcode,jdbcType=VARCHAR},
      mobile = #{mobile,jdbcType=VARCHAR},
      email = #{email,jdbcType=VARCHAR},
      shipping_code = #{shippingCode,jdbcType=VARCHAR},
      shipping_name = #{shippingName,jdbcType=VARCHAR},
      pay_code = #{payCode,jdbcType=VARCHAR},
      pay_name = #{payName,jdbcType=VARCHAR},
      invoice_title = #{invoiceTitle,jdbcType=VARCHAR},
      goods_price = #{goodsPrice,jdbcType=DECIMAL},
      shipping_price = #{shippingPrice,jdbcType=DECIMAL},
      user_money = #{userMoney,jdbcType=DECIMAL},
      coupon_price = #{couponPrice,jdbcType=DECIMAL},
      integral = #{integral,jdbcType=INTEGER},
      integral_money = #{integralMoney,jdbcType=DECIMAL},
      order_amount = #{orderAmount,jdbcType=DECIMAL},
      total_amount = #{totalAmount,jdbcType=DECIMAL},
      add_time = #{addTime,jdbcType=BIGINT},
      shipping_time = #{shippingTime,jdbcType=BIGINT},
      confirm_time = #{confirmTime,jdbcType=BIGINT},
      pay_time = #{payTime,jdbcType=BIGINT},
      order_prom_id = #{orderPromId,jdbcType=SMALLINT},
      order_prom_amount = #{orderPromAmount,jdbcType=DECIMAL},
      discount = #{discount,jdbcType=DECIMAL},
      user_note = #{userNote,jdbcType=VARCHAR},
      admin_note = #{adminNote,jdbcType=VARCHAR},
      parent_sn = #{parentSn,jdbcType=VARCHAR},
      is_distribut = #{isDistribut,jdbcType=BIT},
      receive_time = #{receiveTime,jdbcType=BIGINT}
    where order_id = #{orderId,jdbcType=INTEGER}
  </update>

  <select id="queryByPage" parameterType="java.util.Map" resultMap="BaseResultMap">
      select
        <include refid="Base_Column_List" />
      from tp_order o
      where 1=1
    <if test="userId != null and userId != ''">
       and o.user_id = #{userId,jdbcType=VARCHAR}
    </if>
    <if test="type != null and type == 1">
       and o.order_status in (0,1,2,4)
    </if>
    <if test="type != null and type == 2">
      and o.order_status = 0
      and o.pay_status = 0
    </if>
    <if test="type != null and type == 3">
      and o.order_status in(0,1)
      and o.pay_status = 1
    </if>
    <if test="type != null and type == 4">
      and o.order_status =3
    </if>
    <if test="keywords != null and keywords != ''">
      and (o.order_sn like CONCAT('%',#{keywords,jdbcType=VARCHAR},'%')
      or exists (select 1
                  from tp_order_goods g
                  where g.order_id=o.order_id
                  and (g.goods_name like CONCAT('%',#{keywords,jdbcType=VARCHAR},'%')
                         or g.goods_sn like CONCAT('%',#{keywords,jdbcType=VARCHAR},'%')
                       )
                 )
      )
    </if>
  </select>

  <select id="selectOrderNum" parameterType="java.util.Map" resultType="Integer">
    select count(1)
    from tp_order
    where user_id = #{userId,jdbcType=VARCHAR}
    <if test="type != null and type == 1">
      and order_status in (0,1,2,4)
    </if>
    <if test="type != null and type == 2">
      and order_status = 0
      and pay_status = 0
    </if>
    <if test="type != null and type == 3">
      and order_status in(0,1)
      and pay_status = 1
    </if>
    <if test="type != null and type == 4">
      and order_status =3
    </if>
  </select>

  <select id="selectExpiredOrder" parameterType="java.lang.Long" resultMap="BaseResultMap">
    select
    <include refid="Base_Column_List" />
    <![CDATA[
    from tp_order
    where order_status in (0,1)
        and add_time < UNIX_TIMESTAMP(now())- #{exipredTimeInterval,jdbcType=SMALLINT}
    ]]>
  </select>
  <resultMap id="orderResult" type="cn.enjoy.mall.vo.OrderVo" extends="BaseResultMap">
    <result column="userName" jdbcType="VARCHAR" property="userName" />
  </resultMap>
  <select id="selectOrderById" resultMap="orderResult">
    select
        order_id, order_sn, user_id, order_status, shipping_status, pay_status, consignee,
        area, address, zipcode, o.mobile, o.email, shipping_code, shipping_name, pay_code, pay_name,
        invoice_title, goods_price, shipping_price, user_money, coupon_price, integral, integral_money,
        order_amount, total_amount, add_time, shipping_time, confirm_time, pay_time, order_prom_id,
        order_prom_amount, discount, user_note, admin_note, parent_sn, is_distribut, receive_time
    ,u.real_name userName
    from tp_order o join sys_user u on o.user_id = u.id
    where o.order_id = #{orderId}
  </select>

  <select id="selectOrderBySn" parameterType="java.lang.String" resultMap="BaseResultMap">
    select
    <include refid="Base_Column_List" />
    from tp_order
    where order_sn = #{orderSn,jdbcType=VARCHAR}
  </select>

</mapper>