<?xml version="1.0" encoding="UTF-8"?>
<!DOCTYPE mapper PUBLIC "-//mybatis.org//DTD Mapper 3.0//EN" "http://mybatis.org/dtd/mybatis-3-mapper.dtd">
<mapper namespace="cn.enjoy.mall.dao.OrderGoodsMapper">
  <resultMap id="BaseResultMap" type="cn.enjoy.mall.model.OrderGoods">
    <!--
      WARNING - @mbggenerated
      This element is automatically generated by MyBatis Generator, do not modify.
      This element was generated on Wed Feb 28 09:43:09 CST 2018.
    -->
    <id column="rec_id" jdbcType="INTEGER" property="recId" />
    <result column="order_id" jdbcType="INTEGER" property="orderId" />
    <result column="spec_goods_id" jdbcType="INTEGER" property="specGoodsId" />
    <result column="goods_id" jdbcType="INTEGER" property="goodsId" />
    <result column="goods_name" jdbcType="VARCHAR" property="goodsName" />
    <result column="goods_sn" jdbcType="VARCHAR" property="goodsSn" />
    <result column="goods_num" jdbcType="SMALLINT" property="goodsNum" />
    <result column="market_price" jdbcType="DECIMAL" property="marketPrice" />
    <result column="goods_price" jdbcType="DECIMAL" property="goodsPrice" />
    <result column="cost_price" jdbcType="DECIMAL" property="costPrice" />
    <result column="member_goods_price" jdbcType="DECIMAL" property="memberGoodsPrice" />
    <result column="give_integral" jdbcType="INTEGER" property="giveIntegral" />
    <result column="spec_key" jdbcType="VARCHAR" property="specKey" />
    <result column="spec_key_name" jdbcType="VARCHAR" property="specKeyName" />
    <result column="bar_code" jdbcType="VARCHAR" property="barCode" />
    <result column="is_comment" jdbcType="BIT" property="isComment" />
    <result column="prom_type" jdbcType="BIT" property="promType" />
    <result column="prom_id" jdbcType="INTEGER" property="promId" />
    <result column="is_send" jdbcType="BIT" property="isSend" />
    <result column="delivery_id" jdbcType="INTEGER" property="deliveryId" />
    <result column="sku" jdbcType="VARCHAR" property="sku" />
    <result column="original_img" jdbcType="VARCHAR" property="originalImg" />
  </resultMap>
  <sql id="Base_Column_List">
    <!--
      WARNING - @mbggenerated
      This element is automatically generated by MyBatis Generator, do not modify.
      This element was generated on Wed Feb 28 09:43:09 CST 2018.
    -->
    rec_id, order_id, spec_goods_id, goods_id, goods_name, goods_sn, goods_num, market_price, 
    goods_price, cost_price, member_goods_price, give_integral, spec_key, spec_key_name, 
    bar_code, is_comment, prom_type, prom_id, is_send, delivery_id, sku, original_img
  </sql>
  <select id="selectByPrimaryKey" parameterType="java.lang.Integer" resultMap="BaseResultMap">
    <!--
      WARNING - @mbggenerated
      This element is automatically generated by MyBatis Generator, do not modify.
      This element was generated on Wed Feb 28 09:43:09 CST 2018.
    -->
    select 
    <include refid="Base_Column_List" />
    from tp_order_goods
    where rec_id = #{recId,jdbcType=INTEGER}
  </select>
  <delete id="deleteByPrimaryKey" parameterType="java.lang.Integer">
    <!--
      WARNING - @mbggenerated
      This element is automatically generated by MyBatis Generator, do not modify.
      This element was generated on Wed Feb 28 09:43:09 CST 2018.
    -->
    delete from tp_order_goods
    where rec_id = #{recId,jdbcType=INTEGER}
  </delete>
  <insert id="insert" parameterType="cn.enjoy.mall.model.OrderGoods">
    <!--
      WARNING - @mbggenerated
      This element is automatically generated by MyBatis Generator, do not modify.
      This element was generated on Wed Feb 28 09:43:09 CST 2018.
    -->
    insert into tp_order_goods (rec_id, order_id, spec_goods_id, 
      goods_id, goods_name, goods_sn, 
      goods_num, market_price, goods_price, 
      cost_price, member_goods_price, give_integral, 
      spec_key, spec_key_name, bar_code, 
      is_comment, prom_type, prom_id, 
      is_send, delivery_id, sku, 
      original_img)
    values (#{recId,jdbcType=INTEGER}, #{orderId,jdbcType=INTEGER}, #{specGoodsId,jdbcType=INTEGER}, 
      #{goodsId,jdbcType=INTEGER}, #{goodsName,jdbcType=VARCHAR}, #{goodsSn,jdbcType=VARCHAR}, 
      #{goodsNum,jdbcType=SMALLINT}, #{marketPrice,jdbcType=DECIMAL}, #{goodsPrice,jdbcType=DECIMAL}, 
      #{costPrice,jdbcType=DECIMAL}, #{memberGoodsPrice,jdbcType=DECIMAL}, #{giveIntegral,jdbcType=INTEGER}, 
      #{specKey,jdbcType=VARCHAR}, #{specKeyName,jdbcType=VARCHAR}, #{barCode,jdbcType=VARCHAR}, 
      #{isComment,jdbcType=BIT}, #{promType,jdbcType=BIT}, #{promId,jdbcType=INTEGER}, 
      #{isSend,jdbcType=BIT}, #{deliveryId,jdbcType=INTEGER}, #{sku,jdbcType=VARCHAR}, 
      #{originalImg,jdbcType=VARCHAR})
  </insert>
  <insert id="insertSelective" parameterType="cn.enjoy.mall.model.OrderGoods">
    <!--
      WARNING - @mbggenerated
      This element is automatically generated by MyBatis Generator, do not modify.
      This element was generated on Wed Feb 28 09:43:09 CST 2018.
    -->
    insert into tp_order_goods
    <trim prefix="(" suffix=")" suffixOverrides=",">
      <if test="recId != null">
        rec_id,
      </if>
      <if test="orderId != null">
        order_id,
      </if>
      <if test="specGoodsId != null">
        spec_goods_id,
      </if>
      <if test="goodsId != null">
        goods_id,
      </if>
      <if test="goodsName != null">
        goods_name,
      </if>
      <if test="goodsSn != null">
        goods_sn,
      </if>
      <if test="goodsNum != null">
        goods_num,
      </if>
      <if test="marketPrice != null">
        market_price,
      </if>
      <if test="goodsPrice != null">
        goods_price,
      </if>
      <if test="costPrice != null">
        cost_price,
      </if>
      <if test="memberGoodsPrice != null">
        member_goods_price,
      </if>
      <if test="giveIntegral != null">
        give_integral,
      </if>
      <if test="specKey != null">
        spec_key,
      </if>
      <if test="specKeyName != null">
        spec_key_name,
      </if>
      <if test="barCode != null">
        bar_code,
      </if>
      <if test="isComment != null">
        is_comment,
      </if>
      <if test="promType != null">
        prom_type,
      </if>
      <if test="promId != null">
        prom_id,
      </if>
      <if test="isSend != null">
        is_send,
      </if>
      <if test="deliveryId != null">
        delivery_id,
      </if>
      <if test="sku != null">
        sku,
      </if>
      <if test="originalImg != null">
        original_img,
      </if>
    </trim>
    <trim prefix="values (" suffix=")" suffixOverrides=",">
      <if test="recId != null">
        #{recId,jdbcType=INTEGER},
      </if>
      <if test="orderId != null">
        #{orderId,jdbcType=INTEGER},
      </if>
      <if test="specGoodsId != null">
        #{specGoodsId,jdbcType=INTEGER},
      </if>
      <if test="goodsId != null">
        #{goodsId,jdbcType=INTEGER},
      </if>
      <if test="goodsName != null">
        #{goodsName,jdbcType=VARCHAR},
      </if>
      <if test="goodsSn != null">
        #{goodsSn,jdbcType=VARCHAR},
      </if>
      <if test="goodsNum != null">
        #{goodsNum,jdbcType=SMALLINT},
      </if>
      <if test="marketPrice != null">
        #{marketPrice,jdbcType=DECIMAL},
      </if>
      <if test="goodsPrice != null">
        #{goodsPrice,jdbcType=DECIMAL},
      </if>
      <if test="costPrice != null">
        #{costPrice,jdbcType=DECIMAL},
      </if>
      <if test="memberGoodsPrice != null">
        #{memberGoodsPrice,jdbcType=DECIMAL},
      </if>
      <if test="giveIntegral != null">
        #{giveIntegral,jdbcType=INTEGER},
      </if>
      <if test="specKey != null">
        #{specKey,jdbcType=VARCHAR},
      </if>
      <if test="specKeyName != null">
        #{specKeyName,jdbcType=VARCHAR},
      </if>
      <if test="barCode != null">
        #{barCode,jdbcType=VARCHAR},
      </if>
      <if test="isComment != null">
        #{isComment,jdbcType=BIT},
      </if>
      <if test="promType != null">
        #{promType,jdbcType=BIT},
      </if>
      <if test="promId != null">
        #{promId,jdbcType=INTEGER},
      </if>
      <if test="isSend != null">
        #{isSend,jdbcType=BIT},
      </if>
      <if test="deliveryId != null">
        #{deliveryId,jdbcType=INTEGER},
      </if>
      <if test="sku != null">
        #{sku,jdbcType=VARCHAR},
      </if>
      <if test="originalImg != null">
        #{originalImg,jdbcType=VARCHAR},
      </if>
    </trim>
  </insert>
  <update id="updateByPrimaryKeySelective" parameterType="cn.enjoy.mall.model.OrderGoods">
    <!--
      WARNING - @mbggenerated
      This element is automatically generated by MyBatis Generator, do not modify.
      This element was generated on Wed Feb 28 09:43:09 CST 2018.
    -->
    update tp_order_goods
    <set>
      <if test="orderId != null">
        order_id = #{orderId,jdbcType=INTEGER},
      </if>
      <if test="specGoodsId != null">
        spec_goods_id = #{specGoodsId,jdbcType=INTEGER},
      </if>
      <if test="goodsId != null">
        goods_id = #{goodsId,jdbcType=INTEGER},
      </if>
      <if test="goodsName != null">
        goods_name = #{goodsName,jdbcType=VARCHAR},
      </if>
      <if test="goodsSn != null">
        goods_sn = #{goodsSn,jdbcType=VARCHAR},
      </if>
      <if test="goodsNum != null">
        goods_num = #{goodsNum,jdbcType=SMALLINT},
      </if>
      <if test="marketPrice != null">
        market_price = #{marketPrice,jdbcType=DECIMAL},
      </if>
      <if test="goodsPrice != null">
        goods_price = #{goodsPrice,jdbcType=DECIMAL},
      </if>
      <if test="costPrice != null">
        cost_price = #{costPrice,jdbcType=DECIMAL},
      </if>
      <if test="memberGoodsPrice != null">
        member_goods_price = #{memberGoodsPrice,jdbcType=DECIMAL},
      </if>
      <if test="giveIntegral != null">
        give_integral = #{giveIntegral,jdbcType=INTEGER},
      </if>
      <if test="specKey != null">
        spec_key = #{specKey,jdbcType=VARCHAR},
      </if>
      <if test="specKeyName != null">
        spec_key_name = #{specKeyName,jdbcType=VARCHAR},
      </if>
      <if test="barCode != null">
        bar_code = #{barCode,jdbcType=VARCHAR},
      </if>
      <if test="isComment != null">
        is_comment = #{isComment,jdbcType=BIT},
      </if>
      <if test="promType != null">
        prom_type = #{promType,jdbcType=BIT},
      </if>
      <if test="promId != null">
        prom_id = #{promId,jdbcType=INTEGER},
      </if>
      <if test="isSend != null">
        is_send = #{isSend,jdbcType=BIT},
      </if>
      <if test="deliveryId != null">
        delivery_id = #{deliveryId,jdbcType=INTEGER},
      </if>
      <if test="sku != null">
        sku = #{sku,jdbcType=VARCHAR},
      </if>
      <if test="originalImg != null">
        original_img = #{originalImg,jdbcType=VARCHAR},
      </if>
    </set>
    where rec_id = #{recId,jdbcType=INTEGER}
  </update>
  <update id="updateByPrimaryKey" parameterType="cn.enjoy.mall.model.OrderGoods">
    <!--
      WARNING - @mbggenerated
      This element is automatically generated by MyBatis Generator, do not modify.
      This element was generated on Wed Feb 28 09:43:09 CST 2018.
    -->
    update tp_order_goods
    set order_id = #{orderId,jdbcType=INTEGER},
      spec_goods_id = #{specGoodsId,jdbcType=INTEGER},
      goods_id = #{goodsId,jdbcType=INTEGER},
      goods_name = #{goodsName,jdbcType=VARCHAR},
      goods_sn = #{goodsSn,jdbcType=VARCHAR},
      goods_num = #{goodsNum,jdbcType=SMALLINT},
      market_price = #{marketPrice,jdbcType=DECIMAL},
      goods_price = #{goodsPrice,jdbcType=DECIMAL},
      cost_price = #{costPrice,jdbcType=DECIMAL},
      member_goods_price = #{memberGoodsPrice,jdbcType=DECIMAL},
      give_integral = #{giveIntegral,jdbcType=INTEGER},
      spec_key = #{specKey,jdbcType=VARCHAR},
      spec_key_name = #{specKeyName,jdbcType=VARCHAR},
      bar_code = #{barCode,jdbcType=VARCHAR},
      is_comment = #{isComment,jdbcType=BIT},
      prom_type = #{promType,jdbcType=BIT},
      prom_id = #{promId,jdbcType=INTEGER},
      is_send = #{isSend,jdbcType=BIT},
      delivery_id = #{deliveryId,jdbcType=INTEGER},
      sku = #{sku,jdbcType=VARCHAR},
      original_img = #{originalImg,jdbcType=VARCHAR}
    where rec_id = #{recId,jdbcType=INTEGER}
  </update>

  <insert id="insertBatch" parameterType="List">
    insert into tp_order_goods (rec_id, order_id, goods_id,spec_goods_id,
    goods_name, goods_sn, goods_num,
    market_price, goods_price, cost_price,
    member_goods_price, give_integral, spec_key,
    spec_key_name, bar_code, is_comment,
    prom_type, prom_id, is_send, delivery_id,
    sku, original_img)
    values
    <foreach collection="list" item="goods" separator=",">
      (#{goods.recId,jdbcType=INTEGER}, #{goods.orderId,jdbcType=INTEGER}, #{goods.goodsId,jdbcType=INTEGER},#{goods.specGoodsId,jdbcType=INTEGER},
      #{goods.goodsName,jdbcType=VARCHAR}, #{goods.goodsSn,jdbcType=VARCHAR}, #{goods.goodsNum,jdbcType=SMALLINT},
      #{goods.marketPrice,jdbcType=DECIMAL}, #{goods.goodsPrice,jdbcType=DECIMAL}, #{goods.costPrice,jdbcType=DECIMAL},
      #{goods.memberGoodsPrice,jdbcType=DECIMAL}, #{goods.giveIntegral,jdbcType=INTEGER}, #{goods.specKey,jdbcType=VARCHAR},
      #{goods.specKeyName,jdbcType=VARCHAR}, #{goods.barCode,jdbcType=VARCHAR}, #{goods.isComment,jdbcType=BIT},
      #{goods.promType,jdbcType=BIT}, #{goods.promId,jdbcType=INTEGER}, #{goods.isSend,jdbcType=BIT}, #{goods.deliveryId,jdbcType=INTEGER},
      #{goods.sku,jdbcType=VARCHAR}, #{goods.originalImg,jdbcType=VARCHAR})
    </foreach>
  </insert>

  <select id="selectByOrderId" parameterType="java.lang.Integer" resultMap="BaseResultMap">
    select
    <include refid="Base_Column_List" />
    from tp_order_goods
    where order_id = #{orderId,jdbcType=INTEGER}
  </select>

  <select id="countNotSendGoodsByOrderId" resultType="int">
    select count(1) from tp_order_goods og
    where og.is_send = 0
      and og.order_id = #{orderId}
  </select>

  <resultMap id="topNSoldGoodsResultMap" type="cn.enjoy.mall.model.HotSellingGoods">
    <id column="goods_id" jdbcType="INTEGER" property="goodsId" />
    <id column="spec_goods_id" jdbcType="INTEGER" property="specGoodsId" />
    <result column="salesSum" jdbcType="INTEGER" property="salesSum" />
  </resultMap>

  <select id="selectTopNSoldGoods" parameterType="java.lang.Integer" resultMap="topNSoldGoodsResultMap">
    SELECT
	og.goods_Id,
	og.spec_goods_id,
	count(*) salesSum
    FROM
        tp_order_goods og
    LEFT JOIN tp_order o ON og.order_id = o.order_id
    WHERE
        o.order_status IN (1, 2, 4)
    GROUP BY
        goods_Id,spec_goods_id
    order by salesSum desc
    limit #{n,jdbcType=INTEGER}

  </select>

</mapper>