<?xml version="1.0" encoding="UTF-8"?>
<!DOCTYPE mapper PUBLIC "-//mybatis.org//DTD Mapper 3.0//EN" "http://mybatis.org/dtd/mybatis-3-mapper.dtd">
<mapper namespace="cn.enjoy.mall.dao.OrderManageMapper">
  <resultMap id="BaseResultMap" type="cn.enjoy.mall.vo.OrderVo">
    <!--
      WARNING - @mbggenerated
      This element is automatically generated by MyBatis Generator, do not modify.
      This element was generated on Wed Feb 28 17:18:49 CST 2018.
    -->
    <id column="order_id" jdbcType="INTEGER" property="orderId" />
    <result column="order_sn" jdbcType="VARCHAR" property="orderSn" />
    <result column="user_id" jdbcType="VARCHAR" property="userId" />
    <result column="order_status" jdbcType="INTEGER" property="orderStatus" />
    <result column="orderStatusStr" jdbcType="VARCHAR" property="orderStatusStr" />
    <result column="shipping_status" jdbcType="INTEGER" property="shippingStatus" />
    <result column="shippingStatusStr" jdbcType="VARCHAR" property="shippingStatusStr" />
    <result column="pay_status" jdbcType="INTEGER" property="payStatus" />
    <result column="consignee" jdbcType="VARCHAR" property="consignee" />
    <result column="area" jdbcType="VARCHAR" property="area" />
    <result column="address" jdbcType="VARCHAR" property="address" />
    <result column="zipcode" jdbcType="VARCHAR" property="zipcode" />
    <result column="mobile" jdbcType="VARCHAR" property="mobile" />
    <result column="email" jdbcType="VARCHAR" property="email" />
    <result column="shipping_code" jdbcType="VARCHAR" property="shippingCode" />
    <result column="shipping_name" jdbcType="VARCHAR" property="shippingName" />
    <result column="pay_code" jdbcType="VARCHAR" property="payCode" />
    <result column="pay_name" jdbcType="VARCHAR" property="payName" />
    <result column="invoice_title" jdbcType="VARCHAR" property="invoiceTitle" />
    <result column="goods_price" jdbcType="DECIMAL" property="goodsPrice" />
    <result column="shipping_price" jdbcType="DECIMAL" property="shippingPrice" />
    <result column="user_money" jdbcType="DECIMAL" property="userMoney" />
    <result column="coupon_price" jdbcType="DECIMAL" property="couponPrice" />
    <result column="integral" jdbcType="INTEGER" property="integral" />
    <result column="integral_money" jdbcType="DECIMAL" property="integralMoney" />
    <result column="order_amount" jdbcType="DECIMAL" property="orderAmount" />
    <result column="total_amount" jdbcType="DECIMAL" property="totalAmount" />
    <result column="add_time" jdbcType="BIGINT" property="addTime" />
    <result column="shipping_time" jdbcType="BIGINT" property="shippingTime" />
    <result column="confirm_time" jdbcType="BIGINT" property="confirmTime" />
    <result column="pay_time" jdbcType="BIGINT" property="payTime" />
    <result column="order_prom_id" jdbcType="SMALLINT" property="orderPromId" />
    <result column="order_prom_amount" jdbcType="DECIMAL" property="orderPromAmount" />
    <result column="discount" jdbcType="DECIMAL" property="discount" />
    <result column="user_note" jdbcType="VARCHAR" property="userNote" />
    <result column="admin_note" jdbcType="VARCHAR" property="adminNote" />
    <result column="parent_sn" jdbcType="VARCHAR" property="parentSn" />
    <result column="is_distribut" jdbcType="BIT" property="isDistribut" />
    <result column="receive_time" jdbcType="BIGINT" property="receiveTime" />
  </resultMap>
  <sql id="Base_Column_List">
    <!--
      WARNING - @mbggenerated
      This element is automatically generated by MyBatis Generator, do not modify.
      This element was generated on Wed Feb 28 17:18:49 CST 2018.
    -->
    order_id, order_sn, user_id, order_status, shipping_status, pay_status, consignee, 
    area, address, zipcode, mobile, email, shipping_code, shipping_name, pay_code, pay_name, 
    invoice_title, goods_price, shipping_price, user_money, coupon_price, integral, integral_money, 
    order_amount, total_amount, add_time, shipping_time, confirm_time, pay_time, order_prom_id, 
    order_prom_amount, discount, user_note, admin_note, parent_sn, is_distribut, receive_time
  </sql>

  <select id="queryByPage" parameterType="cn.enjoy.mall.vo.OrderVo" resultMap="BaseResultMap">
    select
        <include refid="Base_Column_List" />
    , (select dd.cname from sys_dict_data dd where dd.code = o.order_status and dd.type='ORDER_STATUS') orderStatusStr
    , (select dd.cname from sys_dict_data dd where dd.code = o.shipping_status and dd.type='SHIPPING_STATUS') shippingStatusStr
    from tp_order o
      where 1=1

    <if test="orderStatus != null">
       and o.order_status = #{orderStatus}
    </if>
    <if test="shippingStatus != null">
       and o.shipping_status = #{shippingStatus}
    </if>
    <if test="payStatus != null">
       and o.pay_status = #{payStatus}
    </if>
    <if test="orderSn != null">
       and o.order_sn like concat('%',#{orderSn}, '%')
    </if>
    <if test="consignee != null">
       and o.consignee like concat('%',#{consignee}, '%')
    </if>

    <if test="fromTime != null">
       and o.add_time >= UNIX_TIMESTAMP(#{fromTime})
    </if>

    <if test="toTime != null">
     <![CDATA[  and o.add_time <= UNIX_TIMESTAMP(#{toTime}) ]]>
    </if>
    order by o.add_time desc
  </select>


</mapper>