<?xml version="1.0" encoding="UTF-8"?>
<!DOCTYPE mapper PUBLIC "-//mybatis.org//DTD Mapper 3.0//EN" "http://mybatis.org/dtd/mybatis-3-mapper.dtd">
<mapper namespace="cn.enjoy.mall.dao.ShippingMapper">
  <resultMap id="BaseResultMap" type="cn.enjoy.mall.model.Shipping">
    <!--
      WARNING - @mbg.generated
      This element is automatically generated by MyBatis Generator, do not modify.
      This element was generated on Wed Mar 21 16:54:06 CST 2018.
    -->
    <id column="shipping_id" jdbcType="TINYINT" property="shippingId" />
    <result column="shipping_code" jdbcType="VARCHAR" property="shippingCode" />
    <result column="shipping_name" jdbcType="VARCHAR" property="shippingName" />
    <result column="shipping_desc" jdbcType="VARCHAR" property="shippingDesc" />
    <result column="insure" jdbcType="VARCHAR" property="insure" />
    <result column="enabled" jdbcType="BIT" property="enabled" />
  </resultMap>
  <sql id="Base_Column_List">
    <!--
      WARNING - @mbg.generated
      This element is automatically generated by MyBatis Generator, do not modify.
      This element was generated on Wed Mar 21 16:54:06 CST 2018.
    -->
    shipping_id, shipping_code, shipping_name, shipping_desc, insure, enabled
  </sql>
  <select id="selectByPrimaryKey" parameterType="java.lang.Byte" resultMap="BaseResultMap">
    <!--
      WARNING - @mbg.generated
      This element is automatically generated by MyBatis Generator, do not modify.
      This element was generated on Wed Mar 21 16:54:06 CST 2018.
    -->
    select 
    <include refid="Base_Column_List" />
    from tp_shipping
    where shipping_id = #{shippingId,jdbcType=TINYINT}
  </select>
  <delete id="deleteByPrimaryKey" parameterType="java.lang.Byte">
    <!--
      WARNING - @mbg.generated
      This element is automatically generated by MyBatis Generator, do not modify.
      This element was generated on Wed Mar 21 16:54:06 CST 2018.
    -->
    delete from tp_shipping
    where shipping_id = #{shippingId,jdbcType=TINYINT}
  </delete>
  <insert id="insert" parameterType="cn.enjoy.mall.model.Shipping">
    <!--
      WARNING - @mbg.generated
      This element is automatically generated by MyBatis Generator, do not modify.
      This element was generated on Wed Mar 21 16:54:06 CST 2018.
    -->
    insert into tp_shipping (shipping_id, shipping_code, shipping_name, 
      shipping_desc, insure, enabled
      )
    values (#{shippingId,jdbcType=TINYINT}, #{shippingCode,jdbcType=VARCHAR}, #{shippingName,jdbcType=VARCHAR}, 
      #{shippingDesc,jdbcType=VARCHAR}, #{insure,jdbcType=VARCHAR}, #{enabled,jdbcType=BIT}
      )
  </insert>
  <insert id="insertSelective" parameterType="cn.enjoy.mall.model.Shipping">
    <!--
      WARNING - @mbg.generated
      This element is automatically generated by MyBatis Generator, do not modify.
      This element was generated on Wed Mar 21 16:54:06 CST 2018.
    -->
    insert into tp_shipping
    <trim prefix="(" suffix=")" suffixOverrides=",">
      <if test="shippingId != null">
        shipping_id,
      </if>
      <if test="shippingCode != null">
        shipping_code,
      </if>
      <if test="shippingName != null">
        shipping_name,
      </if>
      <if test="shippingDesc != null">
        shipping_desc,
      </if>
      <if test="insure != null">
        insure,
      </if>
      <if test="enabled != null">
        enabled,
      </if>
    </trim>
    <trim prefix="values (" suffix=")" suffixOverrides=",">
      <if test="shippingId != null">
        #{shippingId,jdbcType=TINYINT},
      </if>
      <if test="shippingCode != null">
        #{shippingCode,jdbcType=VARCHAR},
      </if>
      <if test="shippingName != null">
        #{shippingName,jdbcType=VARCHAR},
      </if>
      <if test="shippingDesc != null">
        #{shippingDesc,jdbcType=VARCHAR},
      </if>
      <if test="insure != null">
        #{insure,jdbcType=VARCHAR},
      </if>
      <if test="enabled != null">
        #{enabled,jdbcType=BIT},
      </if>
    </trim>
  </insert>
  <update id="updateByPrimaryKeySelective" parameterType="cn.enjoy.mall.model.Shipping">
    <!--
      WARNING - @mbg.generated
      This element is automatically generated by MyBatis Generator, do not modify.
      This element was generated on Wed Mar 21 16:54:06 CST 2018.
    -->
    update tp_shipping
    <set>
      <if test="shippingCode != null">
        shipping_code = #{shippingCode,jdbcType=VARCHAR},
      </if>
      <if test="shippingName != null">
        shipping_name = #{shippingName,jdbcType=VARCHAR},
      </if>
      <if test="shippingDesc != null">
        shipping_desc = #{shippingDesc,jdbcType=VARCHAR},
      </if>
      <if test="insure != null">
        insure = #{insure,jdbcType=VARCHAR},
      </if>
      <if test="enabled != null">
        enabled = #{enabled,jdbcType=BIT},
      </if>
    </set>
    where shipping_id = #{shippingId,jdbcType=TINYINT}
  </update>
  <update id="updateByPrimaryKey" parameterType="cn.enjoy.mall.model.Shipping">
    <!--
      WARNING - @mbg.generated
      This element is automatically generated by MyBatis Generator, do not modify.
      This element was generated on Wed Mar 21 16:54:06 CST 2018.
    -->
    update tp_shipping
    set shipping_code = #{shippingCode,jdbcType=VARCHAR},
      shipping_name = #{shippingName,jdbcType=VARCHAR},
      shipping_desc = #{shippingDesc,jdbcType=VARCHAR},
      insure = #{insure,jdbcType=VARCHAR},
      enabled = #{enabled,jdbcType=BIT}
    where shipping_id = #{shippingId,jdbcType=TINYINT}
  </update>

  <select id="queryAll" resultMap="BaseResultMap">
    SELECT
      <include refid="Base_Column_List"/>
      FROM tp_shipping
  </select>
</mapper>