<?xml version="1.0" encoding="UTF-8"?>
<!DOCTYPE mapper PUBLIC "-//mybatis.org//DTD Mapper 3.0//EN" "http://mybatis.org/dtd/mybatis-3-mapper.dtd">
<mapper namespace="cn.enjoy.mall.dao.UserAddressMapper">
  <resultMap id="BaseResultMap" type="cn.enjoy.mall.model.UserAddress">
    <!--
      WARNING - @mbggenerated
      This element is automatically generated by MyBatis Generator, do not modify.
      This element was generated on Sun Feb 25 16:24:15 CST 2018.
    -->
    <id column="address_id" jdbcType="INTEGER" property="addressId" />
    <result column="user_id" jdbcType="VARCHAR" property="userId" />
    <result column="consignee" jdbcType="VARCHAR" property="consignee" />
    <result column="email" jdbcType="VARCHAR" property="email" />
    <result column="area" jdbcType="VARCHAR" property="area" />
    <result column="address" jdbcType="VARCHAR" property="address" />
    <result column="zipcode" jdbcType="VARCHAR" property="zipcode" />
    <result column="mobile" jdbcType="VARCHAR" property="mobile" />
    <result column="is_default" jdbcType="BIT" property="isDefault" />
    <result column="is_pickup" jdbcType="BIT" property="isPickup" />
    <result column="label" jdbcType="VARCHAR" property="label" />
  </resultMap>
  <sql id="Base_Column_List">
    <!--
      WARNING - @mbggenerated
      This element is automatically generated by MyBatis Generator, do not modify.
      This element was generated on Sun Feb 25 16:24:15 CST 2018.
    -->
    address_id, user_id, consignee, email, area, address, zipcode, mobile, is_default, 
    is_pickup, label
  </sql>
  <select id="selectByPrimaryKey" parameterType="java.lang.Integer" resultMap="BaseResultMap">
    <!--
      WARNING - @mbggenerated
      This element is automatically generated by MyBatis Generator, do not modify.
      This element was generated on Sun Feb 25 16:24:15 CST 2018.
    -->
    select 
    <include refid="Base_Column_List" />
    from tp_user_address
    where address_id = #{addressId,jdbcType=INTEGER}
  </select>
  <delete id="deleteByPrimaryKey" parameterType="java.lang.Integer">
    <!--
      WARNING - @mbggenerated
      This element is automatically generated by MyBatis Generator, do not modify.
      This element was generated on Sun Feb 25 16:24:15 CST 2018.
    -->
    delete from tp_user_address
    where address_id = #{addressId,jdbcType=INTEGER}
  </delete>
  <insert id="insert" parameterType="cn.enjoy.mall.model.UserAddress">
    <!--
      WARNING - @mbggenerated
      This element is automatically generated by MyBatis Generator, do not modify.
      This element was generated on Sun Feb 25 16:24:15 CST 2018.
    -->
    insert into tp_user_address (address_id, user_id, consignee, 
      email, area, address, 
      zipcode, mobile, is_default, 
      is_pickup, label)
    values (#{addressId,jdbcType=INTEGER}, #{userId,jdbcType=VARCHAR}, #{consignee,jdbcType=VARCHAR}, 
      #{email,jdbcType=VARCHAR}, #{area,jdbcType=VARCHAR}, #{address,jdbcType=VARCHAR}, 
      #{zipcode,jdbcType=VARCHAR}, #{mobile,jdbcType=VARCHAR}, #{isDefault,jdbcType=BIT}, 
      #{isPickup,jdbcType=BIT}, #{label,jdbcType=VARCHAR})
  </insert>
  <insert id="insertSelective" parameterType="cn.enjoy.mall.model.UserAddress">
    <!--
      WARNING - @mbggenerated
      This element is automatically generated by MyBatis Generator, do not modify.
      This element was generated on Sun Feb 25 16:24:15 CST 2018.
    -->
    insert into tp_user_address
    <trim prefix="(" suffix=")" suffixOverrides=",">
      <if test="addressId != null">
        address_id,
      </if>
      <if test="userId != null">
        user_id,
      </if>
      <if test="consignee != null">
        consignee,
      </if>
      <if test="email != null">
        email,
      </if>
      <if test="area != null">
        area,
      </if>
      <if test="address != null">
        address,
      </if>
      <if test="zipcode != null">
        zipcode,
      </if>
      <if test="mobile != null">
        mobile,
      </if>
      <if test="isDefault != null">
        is_default,
      </if>
      <if test="isPickup != null">
        is_pickup,
      </if>
      <if test="label != null">
        label,
      </if>
    </trim>
    <trim prefix="values (" suffix=")" suffixOverrides=",">
      <if test="addressId != null">
        #{addressId,jdbcType=INTEGER},
      </if>
      <if test="userId != null">
        #{userId,jdbcType=VARCHAR},
      </if>
      <if test="consignee != null">
        #{consignee,jdbcType=VARCHAR},
      </if>
      <if test="email != null">
        #{email,jdbcType=VARCHAR},
      </if>
      <if test="area != null">
        #{area,jdbcType=VARCHAR},
      </if>
      <if test="address != null">
        #{address,jdbcType=VARCHAR},
      </if>
      <if test="zipcode != null">
        #{zipcode,jdbcType=VARCHAR},
      </if>
      <if test="mobile != null">
        #{mobile,jdbcType=VARCHAR},
      </if>
      <if test="isDefault != null">
        #{isDefault,jdbcType=BIT},
      </if>
      <if test="isPickup != null">
        #{isPickup,jdbcType=BIT},
      </if>
      <if test="label != null">
        #{label,jdbcType=VARCHAR},
      </if>
    </trim>
  </insert>
  <update id="updateByPrimaryKeySelective" parameterType="cn.enjoy.mall.model.UserAddress">
    <!--
      WARNING - @mbggenerated
      This element is automatically generated by MyBatis Generator, do not modify.
      This element was generated on Sun Feb 25 16:24:15 CST 2018.
    -->
    update tp_user_address
    <set>
      <if test="userId != null">
        user_id = #{userId,jdbcType=VARCHAR},
      </if>
      <if test="consignee != null">
        consignee = #{consignee,jdbcType=VARCHAR},
      </if>
      <if test="email != null">
        email = #{email,jdbcType=VARCHAR},
      </if>
      <if test="area != null">
        area = #{area,jdbcType=VARCHAR},
      </if>
      <if test="address != null">
        address = #{address,jdbcType=VARCHAR},
      </if>
      <if test="zipcode != null">
        zipcode = #{zipcode,jdbcType=VARCHAR},
      </if>
      <if test="mobile != null">
        mobile = #{mobile,jdbcType=VARCHAR},
      </if>
      <if test="isDefault != null">
        is_default = #{isDefault,jdbcType=BIT},
      </if>
      <if test="isPickup != null">
        is_pickup = #{isPickup,jdbcType=BIT},
      </if>
      <if test="label != null">
        label = #{label,jdbcType=VARCHAR},
      </if>
    </set>
    where address_id = #{addressId,jdbcType=INTEGER}
  </update>
  <update id="updateByPrimaryKey" parameterType="cn.enjoy.mall.model.UserAddress">
    <!--
      WARNING - @mbggenerated
      This element is automatically generated by MyBatis Generator, do not modify.
      This element was generated on Sun Feb 25 16:24:15 CST 2018.
    -->
    update tp_user_address
    set user_id = #{userId,jdbcType=VARCHAR},
      consignee = #{consignee,jdbcType=VARCHAR},
      email = #{email,jdbcType=VARCHAR},
      area = #{area,jdbcType=VARCHAR},
      address = #{address,jdbcType=VARCHAR},
      zipcode = #{zipcode,jdbcType=VARCHAR},
      mobile = #{mobile,jdbcType=VARCHAR},
      is_default = #{isDefault,jdbcType=BIT},
      is_pickup = #{isPickup,jdbcType=BIT},
      label = #{label,jdbcType=VARCHAR}
    where address_id = #{addressId,jdbcType=INTEGER}
  </update>

  <select id="selectByUserId" parameterType="java.lang.String" resultMap="BaseResultMap">
    select
    <include refid="Base_Column_List" />
    from tp_user_address
    where user_id = #{userId,jdbcType=INTEGER}
  </select>

</mapper>